{"W": 937.186757714775, "b": 152.91936002657474}