{"W": 937.1895524610686, "b": 152.91935870192526}